politicalinterest,age,education,income,female,treatment
0.60257827,23.62955886,Some College,36.0972156,1,1
-0.882103506,63.88776034,HS,25.31608837,0,0
-3.818101888,52.63171552,HS,13.78969181,0,0
-3.194414026,39.82143577,No HS,87.63213319,0,0
-3.613195596,74.87481172,No HS,20.95185109,0,1
-2.346267256,74.56829253,HS,18.91863592,0,1
0.277958847,39.82574172,HS,82.74963929,1,0
-2.965457411,31.2656712,Some College,8.307572406,0,0
4.142563533,52.00099442,College +,31.65503531,1,1
-3.694237444,37.7032444,No HS,18.85280256,1,0
2.361962112,52.53527011,College +,45.32027997,0,1
2.276151036,60.3919074,College +,22.44999019,0,0
3.703027866,58.94627252,College +,9.462296564,1,1
-0.791093401,28.15373562,No HS,131.4810308,0,1
-1.430959881,34.92783138,College +,14.56360742,1,0
-0.520285582,44.6407324,College +,42.39454935,0,0
-2.981593169,25.85042893,No HS,75.56001673,0,0
-2.852468707,55.41005687,Some College,38.82146266,0,1
-0.957256513,64.62709694,HS,36.06060324,0,1
-0.323143695,39.65844362,College +,46.25767088,1,0
-1.46129899,35.38734592,HS,37.79328382,1,1
2.80178724,18.74322963,College +,70.34412083,0,0
-3.535159102,48.90026242,HS,66.99626681,0,1
1.715202198,49.43729345,College +,82.39697124,1,1
2.77053463,46.36082145,College +,3.718332475,1,1
-2.530819362,34.6678618,Some College,22.5726412,0,0
-5.187795595,20.44725085,Some College,8.705895579,0,1
-1.48690793,30.20577236,College +,24.05236871,0,1
2.357041316,56.35849867,College +,18.41668712,1,1
1.983448252,52.19338562,College +,15.45511747,0,1
1.668187105,58.84278655,HS,65.66932124,1,1
0.545169202,29.34326377,Some College,71.77146104,1,0
0.40650231,43.21680206,College +,67.604333,0,1
-0.28639908,42.85498876,College +,37.53637072,0,1
-0.56373635,40.99552708,HS,73.29334929,1,0
0.79401151,36.71430373,HS,119.1295571,1,0
-4.568640589,38.46797783,Some College,25.51945114,0,1
-0.792754873,62.85031424,Some College,41.74194075,1,0
-4.1714313,34.07845768,No HS,23.98709285,1,0
-1.347529749,72.00601388,No HS,31.39004279,1,0
-0.251743781,57.21998381,Some College,40.03012646,0,1
-0.835965101,58.10450943,No HS,43.9103993,1,0
-2.026247159,38.21319365,No HS,93.77488571,0,1
-4.640778655,45.50375308,HS,11.45959411,0,0
-1.080734894,40.85268185,HS,14.694179,1,0
-2.928468667,26.72141843,HS,22.55765665,0,1
-2.250946803,31.56258613,HS,40.6223505,0,1
0.810533514,47.47333924,College +,40.17706945,0,0
-2.862442674,66.64747764,Some College,33.63833228,0,0
1.881518461,44.9750353,College +,24.64280791,1,1
1.573897887,52.79641325,Some College,41.20428196,1,1
-5.583533681,38.77229562,No HS,34.40970365,0,0
0.665609307,42.97692385,College +,156.1859383,0,1
-2.701924367,32.96255805,Some College,23.70230178,0,0
3.432278011,21.27576184,College +,39.26493568,1,1
-1.456279222,35.75701783,College +,28.65840425,0,0
-1.938584286,27.95426814,College +,34.65663902,0,0
-4.566414452,29.12119191,No HS,5.340993814,0,0
0.798035232,19.41883078,College +,65.22362867,0,1
-3.095478723,28.30315494,HS,76.71923406,0,0
-1.432318391,60.98514345,No HS,10.95222749,1,0
2.446199267,41.45426904,College +,30.74000179,1,1
-1.479747653,18.28221102,Some College,33.60026374,1,0
3.958115852,51.73301759,College +,64.65156648,1,0
1.905210337,57.67855198,No HS,69.72037099,1,1
-1.209867288,32.47601054,Some College,61.38849773,0,1
-6.440874668,44.16317865,No HS,33.86756211,0,1
-2.646033045,58.41162802,No HS,34.2805913,0,0
-1.142984482,74.90229503,No HS,34.83881602,1,1
-1.853969656,43.41041828,HS,9.348279841,1,0
0.04384529,22.69864827,College +,66.74941048,0,0
0.9080665,46.94918262,College +,93.22216446,0,1
4.542772977,53.39597092,College +,41.71834435,1,1
-2.060291863,72.77767934,Some College,8.307963398,0,1
0.021051591,30.39223582,Some College,31.90173733,1,0
-4.69508501,22.31029743,HS,13.28378511,0,1
-3.809994343,31.49831421,HS,79.67037107,0,0
-4.611112212,20.80561876,Some College,12.64283417,0,0
-1.715792896,43.06269048,HS,31.41061891,1,1
0.940288599,67.06735801,College +,28.2289741,0,1
-4.112983488,24.12753852,HS,20.89080214,0,1
-1.090899476,41.78537573,HS,29.87003161,1,0
2.27221014,51.40173388,HS,81.84590026,1,1
-2.00872522,73.55531651,No HS,60.4383754,1,0
1.909405614,25.47762905,College +,45.63917385,1,0
0.039790669,53.92534,No HS,44.8866596,1,0
1.676294042,70.57335562,No HS,105.1683263,1,0
-0.86273093,36.6929659,College +,17.72129719,1,0
-2.962938968,53.63177704,No HS,10.4256906,0,1
2.271572442,72.92408717,College +,10.9543,0,1
4.638135058,73.16691189,College +,11.52479554,1,1
4.908744132,54.13949121,College +,19.7984709,1,1
1.749212365,23.24370424,College +,6.298273932,1,0
-1.694846959,74.02367444,Some College,10.40592895,0,1
0.921450824,33.5398584,HS,81.62929002,1,1
2.030343124,49.25104889,College +,79.05850171,0,1
2.665996876,57.48522485,HS,75.66085666,1,0
-0.679107421,61.22775597,No HS,55.84408366,0,1
-2.156818564,63.45511223,Some College,48.73111218,0,1
-0.536700677,60.55662438,HS,53.61840629,0,0
2.737174812,55.30088867,HS,20.51260005,1,1
-1.881126621,38.15159074,Some College,78.8871292,0,1
-2.262069551,40.80889392,Some College,73.33152932,0,0
-0.895640006,72.43364058,HS,44.83898101,0,0
-3.645284257,30.12983763,No HS,90.17528437,0,0
0.068568313,24.3764941,HS,73.33023623,1,0
-4.617163731,30.40984689,No HS,15.73075556,0,0
-2.144300455,39.52033862,College +,8.436016283,0,1
1.560362366,72.8904124,College +,40.70547571,0,0
3.217499865,28.17179551,College +,91.01307113,1,1
1.338645133,23.37521553,College +,22.85279591,1,0
-2.393783556,24.92863057,HS,9.192920064,1,0
2.959955991,57.23488712,College +,8.945701849,1,0
0.25388939,21.4156336,College +,38.5074299,0,1
-3.31190694,42.45866614,HS,5.695525707,0,0
-1.231092004,38.55673358,College +,4.658432279,0,1
-0.297021048,35.90166571,No HS,71.44525386,1,0
-0.979094537,28.93103854,Some College,25.27838953,1,0
-1.917659382,66.56134428,Some College,40.70246137,0,0
-2.063596297,66.67820528,Some College,20.86817247,0,1
3.17475982,74.79955476,Some College,111.46671,1,0
2.868452006,71.37608994,HS,84.87520263,1,0
-5.471416343,23.40893503,No HS,11.68628021,0,1
-0.718227737,38.98439739,Some College,124.8850975,0,0
3.449132136,57.94618365,College +,38.92637199,1,1
-2.757193613,23.60495925,Some College,16.74185223,1,0
-2.83465991,19.34255219,No HS,33.76827,1,0
4.461326455,24.29915361,College +,62.68370512,1,1
1.438007147,61.04478017,Some College,26.74410401,1,1
-0.894984581,53.17323589,Some College,59.89903014,0,1
-4.037379946,43.22788094,Some College,19.20227175,0,0
2.085403444,72.92671075,No HS,68.47647707,1,1
-2.372100801,20.77303962,Some College,45.54296179,1,0
-2.433273321,25.32150772,HS,54.28142794,0,0
-4.580116563,38.84290676,HS,30.06196038,0,0
-2.538304059,41.47548144,College +,41.2038617,0,0
-0.084738558,26.35745659,College +,70.45992077,0,1
-2.770179736,59.84111689,HS,28.57832394,0,1
-1.704046226,29.15542569,Some College,61.80339338,0,1
-1.175776702,33.46427966,Some College,75.60083191,0,1
-3.43334834,36.07895891,Some College,28.50366771,0,0
-3.687302474,32.67232321,Some College,18.26876754,0,1
-4.692410681,44.90906467,HS,82.47992802,0,0
2.667075315,50.11745093,College +,63.07042811,0,1
-5.153826101,41.17101149,No HS,111.6977674,0,1
1.222001425,73.79968446,Some College,12.76492714,0,0
-0.392277115,55.32178372,HS,84.81731654,0,0
2.672287302,69.23936186,HS,166.5021484,1,0
-0.270190141,32.06403194,College +,28.14150424,0,0
3.932493285,57.82891438,College +,7.34109823,1,1
-0.654305257,60.81757965,No HS,39.07127766,1,0
-1.660902346,22.93125946,Some College,9.145881944,0,1
-5.827922419,22.17071928,No HS,22.6336176,0,1
1.814572476,57.68271953,College +,11.92148588,0,1
-3.246619293,26.5609092,Some College,62.91459071,0,0
0.989878437,24.98629386,College +,90.57016194,0,1
-0.606436346,21.17201001,HS,50.72887961,0,0
1.69893426,69.24727685,HS,17.57669081,1,1
-0.646322462,27.6015758,No HS,76.54245181,1,0
3.604732097,38.00833093,College +,78.41016095,1,0
0.87760537,33.62797364,HS,28.89888061,1,1
-3.887368158,24.79071921,No HS,73.60939243,0,1
-2.102999715,64.8303445,No HS,55.63679388,0,1
-3.473384455,25.23921253,HS,1.820200636,0,0
-2.737685837,39.17865003,HS,36.73761314,1,0
-3.444013816,34.17566143,No HS,12.05368373,1,0
-0.937998533,30.63242005,Some College,51.46337826,0,0
2.660534844,56.02506,No HS,77.0263685,1,1
0.912040102,65.10706825,No HS,125.2967549,1,1
1.2086497,51.11562169,HS,60.43158131,1,0
0.299932903,45.12446308,Some College,180.972546,0,1
4.332780247,63.10107746,College +,66.97266097,1,1
-5.751197905,32.70108122,HS,24.91213397,0,0
0.87441369,47.50599713,Some College,60.86080693,1,1
-0.351859141,43.8323562,Some College,37.00552173,1,0
-1.555542896,35.16285589,College +,13.36385836,0,0
-3.646118327,25.67113791,Some College,21.70746495,0,1
3.952648331,56.22732257,College +,31.66897718,1,1
0.601089838,22.81671795,College +,38.22558787,0,0
0.674629661,57.19902559,No HS,33.203728,1,1
-2.835808344,37.11019901,HS,61.31866685,0,0
-1.775842973,29.85798969,Some College,42.87025601,0,0
-0.58000111,35.91875676,College +,33.8812251,0,0
-3.257580857,18.33842056,HS,61.72869575,0,1
1.964977086,51.68842061,HS,84.16169199,1,0
4.165701637,39.43539311,College +,95.92239782,1,1
3.585831934,66.14701602,Some College,64.57460288,1,1
-4.044974808,30.35635262,HS,48.47583628,0,1
-0.747016518,72.79908816,No HS,74.89176737,0,1
-4.22737675,33.12667042,HS,35.38540477,0,0
-0.348427968,53.37881774,Some College,31.9706231,1,1
2.488008206,59.23700413,HS,53.99005411,1,0
-3.947178301,18.50199562,HS,9.844960754,0,0
-2.037684896,40.56131543,No HS,71.91273348,0,1
-2.155687144,24.1096425,HS,17.28692475,1,0
-2.150788241,43.44122048,HS,103.1669491,0,0
1.294215389,42.33659041,College +,62.13429721,0,1
0.728066487,56.92246396,College +,35.31587624,0,0
-4.0155729,19.31107472,Some College,33.29541541,0,0
-4.235318525,19.73250866,Some College,12.3635427,0,1
-3.289073644,40.23347092,HS,44.04223864,0,1
-0.29865353,22.4446434,HS,57.3587776,0,1
-4.482631755,39.19223234,HS,16.41871965,0,0
2.698457055,69.11365601,Some College,169.2595595,1,0
1.134493096,24.76614401,College +,49.93748152,1,1
-0.999139901,29.65934146,No HS,83.14030145,1,0
-2.915277532,20.89348745,No HS,53.33218512,1,0
-3.674595403,47.96393545,HS,54.88713861,0,1
-3.214505654,35.11193413,HS,24.0076373,0,1
2.389920855,62.88160477,College +,43.55904694,0,1
-2.49981863,67.20421685,HS,13.03146593,0,0
-1.66044838,50.34492519,Some College,45.51268766,0,0
-0.075869748,73.09052772,No HS,33.50181091,1,0
3.902547481,61.98493623,College +,44.58183863,1,1
-1.584080704,44.11100924,College +,14.96172227,0,0
2.450307202,65.73587525,No HS,122.5460567,1,1
-5.391296617,25.98765152,No HS,30.30852273,0,0
-1.583896282,54.36479968,Some College,19.99547643,0,1
-1.961834353,24.54537194,Some College,43.51463981,1,0
-2.162597505,47.86630712,HS,20.80654777,0,0
-1.400139229,43.99629197,Some College,4.652407198,0,0
-1.632772325,24.60556901,Some College,73.93823561,0,0
5.072186018,74.58388024,College +,86.10939431,1,1
-0.883333423,21.00061072,HS,70.36318172,0,0
-4.873980798,39.70297695,Some College,22.83987278,0,0
-0.364533235,67.35924567,No HS,23.84774995,0,1
-2.672955425,62.3944477,Some College,18.48153217,0,1
-2.83472488,40.69401141,HS,3.39731169,1,0
-2.864834102,66.70768336,HS,33.16846187,0,0
-4.035412439,46.15670193,No HS,52.82365336,0,1
-4.518152001,31.68635019,No HS,5.00270586,0,0
-1.063010972,46.4511293,Some College,65.02585215,0,1
-0.916417876,45.66436228,HS,67.80034713,0,0
1.78582045,43.3365474,College +,27.30282432,1,1
3.943674045,66.59467859,Some College,62.84179925,1,0
1.985205868,69.39876237,College +,47.67880482,0,0
2.229080347,70.77620861,No HS,91.05736372,1,1
-5.113098031,23.39711531,HS,144.9156566,0,1
3.877570499,68.46003472,College +,28.89241084,1,1
4.857289596,69.29879168,College +,63.53397606,1,0
2.190789527,54.50754881,HS,78.22343951,1,0
2.303573785,55.16210468,College +,91.35827437,0,1
-2.530429716,36.31150497,No HS,44.09827396,1,0
-1.085489686,23.47604263,HS,15.13955231,1,1
-2.292809892,70.24457521,HS,14.04195212,0,1
2.227719868,54.09301206,No HS,123.8526066,1,1
-2.3549456,33.60305245,HS,48.94127137,1,0
3.057040579,73.45260912,HS,74.13996386,1,0
-2.523705038,50.12797041,HS,33.19876247,0,0
2.572102724,57.88497397,No HS,60.41721392,1,1
-3.050073417,64.90144694,No HS,44.4820901,0,1
0.283381193,70.03962828,No HS,91.4301428,0,0
2.751805026,57.69262485,HS,153.9049999,1,1
1.373125574,66.74929178,HS,35.55144541,1,1
-0.07913324,73.79573498,No HS,9.482238258,1,0
-3.871659713,74.83293466,No HS,28.72110803,0,1
-3.893682695,29.28297009,No HS,41.54513456,1,0
2.808661449,59.96370419,College +,43.88363381,1,0
3.209373291,55.86942464,College +,14.74860104,1,0
-5.90839615,34.39806947,No HS,38.7424344,0,1
-0.198996631,63.89966116,College +,37.56313409,0,0
-5.233213796,18.62533907,HS,27.99016873,0,1
-4.561899848,48.43033509,HS,47.94381879,0,0
-2.020179434,25.70844825,HS,45.05680213,1,0
-1.585075386,53.63344947,No HS,17.39616873,1,0
-3.359711645,41.53239249,HS,7.13641246,0,1
-3.863592897,19.76818137,No HS,113.5026528,0,1
-1.608016935,74.54019246,No HS,30.85540038,0,1
1.866825228,45.85925199,College +,25.49047671,1,1
1.069348194,24.54797855,College +,7.935719319,1,0
0.785826417,54.70695153,No HS,25.04729393,1,1
4.751141267,35.89963169,College +,85.32206004,1,1
-0.902262887,33.83507038,Some College,66.87087519,1,0
-1.053112586,38.24156813,Some College,12.79894227,1,1
3.778063988,40.67950858,College +,78.84313627,1,0
0.485023834,64.39146196,HS,11.54852173,1,0
-2.700183549,67.64340563,Some College,20.39728742,0,0
-1.436615955,71.0660289,No HS,102.3268764,0,1
0.167391027,46.40944395,College +,54.00097042,0,1
-2.458100579,28.32331865,HS,51.18040359,0,0
-0.387662356,60.64641368,No HS,35.58855399,1,1
-4.473406223,23.95190007,No HS,22.51544429,0,1
3.48228618,41.61592491,College +,99.5626417,1,0
-1.667380945,54.79927532,No HS,172.9433068,0,0
-1.86048813,50.75980074,Some College,12.58237069,1,0
-3.156637155,28.70682498,Some College,9.387766136,1,0
-2.045005384,64.55351668,No HS,40.2701749,0,1
-2.178552679,47.0502284,Some College,43.74021072,0,1
-2.941930943,50.00991538,No HS,31.21584141,0,0
-3.667438454,70.6847773,No HS,41.93635314,0,0
3.377671415,60.06716402,HS,111.8172851,1,1
-1.452567423,45.46409355,College +,15.93338904,0,1
3.857223154,70.52629173,College +,75.75099374,1,0
-2.66095592,43.53415675,No HS,250.3215256,0,0
-0.435942732,57.52586186,Some College,48.36387253,0,1
-4.028922679,44.79389762,No HS,25.97334755,0,1
-3.963604451,73.96459016,No HS,49.81496942,0,0
-2.499282367,64.13164766,No HS,20.09956722,0,1
4.911912873,56.47764395,College +,31.18568089,1,1
-2.041928447,36.01532841,HS,78.01809474,0,0
-4.153932913,42.89904623,Some College,8.460628495,0,0
-1.163243265,31.59133142,HS,25.9471116,1,1
2.524145544,69.74910741,No HS,76.13537916,1,1
-0.014755935,50.99925984,College +,34.65222316,0,0
2.387716288,48.08597291,Some College,107.2403792,1,1
4.582577253,65.42142289,College +,49.42437299,1,1
-5.343972682,41.67178189,No HS,26.82542693,0,1
0.086430686,74.35662495,HS,4.795776011,1,1
4.305096036,54.1170197,Some College,61.67189429,1,0
0.67679331,59.60933805,HS,57.12525952,0,0
5.194014856,71.1445903,College +,175.5329553,0,0
-2.374835036,27.10710455,No HS,106.7690198,0,1
1.266260137,65.99523634,No HS,119.0043056,1,0
-2.65233974,46.19180367,College +,47.25644819,0,1
-2.247448076,37.44348121,College +,49.86479667,0,1
-3.114176793,22.42211228,HS,20.82218635,1,1
-5.4934966,29.58134385,No HS,25.36645871,0,1
0.493504531,27.06624057,Some College,86.79564831,1,0
3.514921794,40.6122898,College +,92.80722417,1,0
-0.175658568,26.61796965,Some College,44.57316895,1,1
-1.51513021,46.73184864,HS,31.22405855,1,0
2.539624484,22.15027919,College +,14.22393345,1,1
0.485865458,62.22572743,College +,1.316587665,0,0
-4.407250237,18.50566306,No HS,39.73372151,1,0
-0.586771313,18.27517857,No HS,50.7510628,1,1
3.01332659,64.32930236,Some College,103.2717516,0,1
-0.74241307,60.72899241,No HS,33.29579774,1,0
-0.119208759,44.72737172,No HS,173.6570394,1,0
-3.672738633,31.84309929,HS,13.74120038,0,0
-1.687507231,63.17288712,No HS,18.11473675,1,1
-1.70546031,61.65675984,No HS,94.63603331,0,0
2.109375427,33.30160142,Some College,73.03960041,1,0
-1.210480954,19.92504439,HS,119.2124748,0,0
0.175814772,25.72213618,College +,12.36597182,0,1
-0.960574252,35.01414221,HS,96.80719172,0,0
0.724740803,70.80991395,HS,27.81761356,1,1
-0.84083942,62.78808311,HS,47.23644329,0,0
1.515288013,74.08460992,HS,53.25010461,1,0
-5.085899743,36.76056373,No HS,9.248051682,0,1
-0.0164039,42.89473151,College +,219.4370119,0,1
1.748222068,72.7465559,No HS,69.07317177,1,0
-3.046182997,50.59598784,HS,26.56200099,0,1
-1.559462036,26.73424244,No HS,67.36481693,0,0
-4.264321658,45.9419754,No HS,36.16142658,0,0
2.157747844,50.91813118,Some College,54.53976268,1,1
4.714661243,54.16159294,College +,76.25626225,1,1
-2.157970676,24.02835855,No HS,33.11948331,1,0
-4.091477091,26.53929008,No HS,27.64833948,1,0
-0.01224249,71.1772011,HS,72.79844284,0,1
0.65782517,50.62410509,College +,43.03397789,0,0
5.060789202,69.8010721,College +,33.55926341,1,1
-3.273463544,42.90481935,HS,37.30804463,1,0
0.423003996,72.14467114,HS,48.45985606,1,0
-3.23621608,57.41526654,Some College,15.90285264,0,1
0.902632964,52.90022571,College +,20.90715358,0,1
1.732515563,29.68271086,College +,21.37835191,1,0
1.090381687,53.55662546,Some College,85.30902697,0,0
6.165400767,51.62973095,College +,60.58105902,1,0
2.613817624,53.83310703,HS,62.79136484,0,0
-0.065805765,73.89365996,College +,9.158656731,0,1
4.444302262,36.15962554,College +,99.03260743,1,1
-5.760311634,39.77777515,No HS,35.18445241,0,0
-4.209380926,62.94159647,No HS,29.681109,0,0
-2.83734344,47.33197117,No HS,36.94641242,1,0
1.112467079,20.18445212,Some College,59.49266406,1,1
0.511525695,30.89247083,College +,27.91318809,0,1
-2.232963803,43.49052308,HS,138.3781976,0,1
-5.096010386,32.5744409,No HS,14.88077315,0,0
2.641593402,24.54052318,College +,33.37763235,1,0
2.94465416,26.32384893,College +,66.85535831,1,1
-1.301149882,28.07055436,Some College,27.5796286,1,1
-3.034651088,38.74696598,College +,21.53485983,0,0
-0.509314369,68.91377637,Some College,40.93982814,1,0
-0.039338587,24.45174859,Some College,64.51413607,1,1
-0.396245632,55.46399708,HS,72.81570949,0,0
-1.536021903,44.75764611,Some College,16.59016249,1,0
0.716130181,25.65321615,College +,9.182008938,1,1
-0.566753329,25.72051028,Some College,68.97931048,0,0
2.960190885,18.79318056,College +,38.69082933,1,1
0.522575486,59.94008674,HS,47.25049028,1,0
0.999264121,26.98995886,College +,39.78594919,1,0
1.050626201,66.58557626,No HS,55.74623131,1,0
4.109165237,64.52233974,HS,133.5721785,1,0
4.018318492,60.97492301,College +,18.68324736,1,1
-1.711199154,60.13877954,HS,35.02180488,0,0
3.724654988,56.24762978,College +,16.06074654,1,1
1.049888694,67.61587802,Some College,31.74222843,1,1
-2.662215845,59.184648,HS,23.35962254,0,0
0.762099699,69.04578128,Some College,16.19786947,1,1
-1.831028977,40.7772743,HS,107.293368,0,1
-1.454410707,37.9166823,Some College,61.86943979,0,1
-1.714748008,52.95318249,HS,37.43991597,0,0
0.984192052,20.44968856,Some College,44.6163996,1,1
3.024587983,73.50209068,Some College,127.0270817,0,1
1.127691468,55.88610843,Some College,52.17606039,1,0
0.570031366,57.49947475,No HS,72.20914926,0,1
-3.55127607,46.18454006,HS,5.551017485,0,1
-3.17670965,20.97528576,Some College,59.25465128,0,1
-3.3653638,40.11231738,Some College,37.73979126,0,1
0.949506126,71.93346991,College +,27.22692728,0,0
-1.789469373,40.6329178,HS,10.61595982,1,0
-5.464513385,48.76519114,HS,35.37059044,0,1
0.850651714,41.22324242,HS,108.7049913,1,1
-1.42394164,36.44181826,HS,30.30109231,1,0
-3.051875008,28.261332,College +,29.88027781,0,0
-2.098041584,18.49721463,College +,48.15300854,0,0
-0.253082723,63.75107341,College +,32.08158856,0,0
1.745978934,47.47746853,No HS,65.94526325,1,1
5.374186046,68.82318418,College +,104.270335,1,0
-2.309373704,61.6545322,No HS,76.04767447,0,1
6.161461254,68.17036984,College +,13.49594538,1,1
3.898146619,69.41397286,College +,28.27085599,1,1
-3.83302886,43.69429808,Some College,24.7319279,0,0
-4.799574072,45.47490061,HS,44.61982725,0,1
0.371338873,57.92019978,College +,27.48487644,0,0
0.59409308,72.22925506,College +,43.48905189,0,1
4.623450381,58.06010846,Some College,73.37825453,1,0
-1.632802976,71.8826966,HS,33.6308514,0,1
0.514386769,57.55398156,HS,36.78245587,1,0
-3.308214334,32.49427647,HS,91.29686385,0,1
-3.011768753,22.48095606,Some College,22.95112627,0,1
-2.927577286,20.37019741,College +,43.44349965,0,1
-2.174338742,25.17898817,HS,39.26216469,0,0
-1.16509836,60.68121311,HS,40.55687234,0,1
-2.663184111,73.20018428,No HS,31.69814397,0,1
0.845371123,57.83030008,College +,14.881196,0,0
-1.392474256,18.60590219,HS,62.89774565,1,0
0.282768141,28.16087839,Some College,24.94783331,1,1
-1.996082517,25.41625766,HS,60.24725414,0,0
-5.477103895,47.14356903,No HS,12.37024197,0,0
1.844761694,32.5005688,HS,51.44433723,1,1
-2.50444045,19.47707935,HS,43.43733191,0,1
3.723708105,74.34058372,College +,29.09386994,1,0
-0.64586351,21.92477847,HS,136.9608927,0,0
0.829553163,59.56337429,College +,48.86494529,0,0
-1.316264807,35.93133708,No HS,68.16820585,1,1
-1.397351245,69.20842067,HS,41.05486456,0,1
-0.439116758,72.55492756,No HS,86.06514795,0,1
4.60167619,51.79895871,College +,49.46944166,1,0
-2.632095764,22.46153229,Some College,40.15660729,1,1
2.176684631,51.34628757,College +,20.49750166,1,0
-1.811002405,41.65430105,No HS,32.23770434,1,0
-2.689517022,29.26322933,No HS,52.22676195,0,0
2.731102657,52.16820284,College +,24.17257599,1,1
1.321107697,64.4274411,Some College,43.68191606,1,0
1.959324317,51.67907093,Some College,33.60812775,1,1
-2.040030523,72.93464836,HS,30.33647501,1,0
1.150932563,22.263315,No HS,51.50501364,1,1
-3.904159167,46.7636975,No HS,65.15316816,0,1
-4.116572899,18.05280334,Some College,32.1868772,0,1
-1.893680664,45.35684924,No HS,66.10329526,1,0
1.444435385,42.14731329,College +,31.20985094,1,1
-1.38411632,54.95414297,No HS,55.8995152,0,1
1.227013979,42.43185295,College +,9.20435403,1,0
-4.334372593,37.60332829,No HS,48.92764723,1,0
0.391286022,54.3530228,HS,29.22030324,1,0
6.270946579,50.94295437,College +,93.63345251,1,1
1.083646145,62.64296721,HS,62.60335726,0,0
-0.386423652,58.61425246,No HS,50.31109135,0,0
-4.165586169,19.06767066,No HS,29.3838965,0,1
-1.546110718,29.4501056,No HS,68.87941417,1,0
4.169955789,70.61640446,College +,50.77337588,1,0
1.863939117,54.18336749,No HS,52.26241548,1,0
2.487500753,66.1104939,HS,47.00416001,1,1
2.408215826,54.71043171,No HS,58.07656492,1,0
4.916606681,72.44608182,College +,67.06849206,0,0
1.96418571,65.71307342,Some College,36.81706333,1,0
-1.2300549,65.92747782,Some College,39.32046643,1,0
-3.182538122,18.86319793,Some College,12.75898115,0,1
-0.548923239,22.32462436,College +,40.95394213,0,0
5.390294446,74.74667303,College +,94.26761734,1,0
0.502607918,39.80392661,No HS,123.3923283,1,0
2.585472446,56.8133524,College +,70.45578165,0,1
2.946328362,72.02735262,HS,201.2609315,1,0
-1.411584823,19.90082641,HS,87.2740553,0,0
-2.328126837,40.09094791,HS,19.89732442,1,0
-0.500550981,64.50070719,HS,12.03023291,1,0
-0.188984911,49.60943287,Some College,113.6710168,1,0
-6.041658498,37.80694844,No HS,30.63675188,0,0
4.263865767,67.11795868,Some College,64.97997812,1,1
-0.48663898,60.23627016,Some College,11.58502459,1,0
3.14218161,68.91726041,HS,17.87803659,1,1
0.269452371,35.24711455,College +,113.8628382,0,1
2.032908277,70.5595022,HS,19.21399377,1,1
-0.484697018,52.48622233,HS,87.58149019,0,1
2.718279722,58.68179816,College +,91.87386161,0,0
-1.617736598,26.36427309,College +,23.71863864,0,0
-3.004767152,47.27808588,No HS,45.08243302,1,0
-0.744629137,19.37886195,No HS,34.42879179,1,1
-2.695314411,20.47928813,Some College,24.01196939,0,1
-3.526792977,34.2784227,No HS,105.4691369,0,1
-2.637640752,71.79949065,HS,14.89291081,0,0
-2.817078096,40.3525889,No HS,55.23557922,0,0
-3.610315289,62.64775115,No HS,5.252726949,0,1
-0.030429507,22.25320319,College +,3.205237611,0,1
-2.976682599,51.31745193,Some College,49.33554154,0,0
3.601135344,55.43397563,College +,94.19314774,1,0
-2.462231386,40.97088602,No HS,13.02546019,1,0
2.046166664,71.88642874,Some College,8.055877237,1,0
-0.737417307,51.40149158,No HS,32.42940343,1,0
-0.106201015,63.94841423,Some College,42.41139639,1,1
-0.993136461,29.40357213,No HS,58.86134964,1,0
-0.902356563,63.57284059,No HS,38.32028346,1,0
-1.309029109,43.96573603,No HS,119.6359542,0,1
-6.595199567,38.53323999,No HS,29.40773416,0,1
1.710210115,63.19882261,HS,137.3640261,0,1
-1.227895677,61.52199217,Some College,25.14763945,0,1
1.06446609,61.03255078,College +,34.47110689,0,1
-1.708718351,61.06612873,HS,29.84588757,0,1
-0.362456925,23.85197833,No HS,100.4176647,1,0
-3.622885202,71.25992502,No HS,33.28193879,0,0
-3.263685024,28.72126338,Some College,30.51955033,0,1
-3.917334615,25.0168104,No HS,13.91982129,1,0
-2.948316175,29.21421343,No HS,176.1902886,0,0
-1.096205761,70.10473325,Some College,17.26117685,0,1
-0.74156018,33.87722702,College +,16.78974441,0,1
0.764423294,40.58426316,College +,231.4512928,0,0
-1.217363188,20.45523659,No HS,115.9378039,0,0
2.746394243,28.63663186,College +,50.11420702,1,1
4.157898323,56.472905,Some College,83.75947983,1,1
1.428250962,74.11117465,HS,211.6978295,1,0
-3.878708922,39.86511665,HS,47.92676398,0,1
5.463823853,45.22059594,College +,89.57662155,1,1
-0.08657528,64.11706976,College +,27.08784043,0,1
0.505421478,51.65815206,No HS,67.51024335,1,0
0.13072515,34.6738992,College +,59.3966289,0,1
-2.609766232,44.16776245,College +,39.70590883,0,1
3.98936451,68.87192869,Some College,70.26269136,1,1
1.515601061,41.22618465,College +,74.93290658,0,0
4.191837572,57.68248683,College +,17.8053754,1,1
-0.726692312,72.60361933,Some College,41.05941061,0,1
-3.520877625,47.36298588,Some College,26.43866158,0,0
0.521205391,25.77033033,Some College,54.81471002,1,1
3.645743602,51.30047033,HS,56.97322099,1,1
3.305247668,31.11691555,College +,46.31965035,1,1
-2.001617542,71.90926788,No HS,32.32371845,1,0
-0.769669896,19.23591797,HS,54.02371968,0,0
-3.521019724,42.59652882,No HS,38.6520223,1,0
-3.390973188,46.12604313,Some College,48.6878977,1,0
0.137766247,70.40828567,HS,119.7867483,0,0
-2.602483277,62.62601197,HS,36.78907902,0,1
-0.581476983,24.17745713,HS,8.334610211,1,1
-2.684986205,29.198986,Some College,65.75433047,0,0
-1.296435877,70.44468928,No HS,17.76938047,1,1
-0.371603106,18.30356756,Some College,79.25486922,0,0
-0.112492211,26.33687752,College +,17.32689757,1,0
-1.443493602,33.11703205,Some College,9.325555893,1,0
-0.578084222,19.02287812,College +,51.88008184,0,0
-1.740003853,57.1115835,HS,34.2151779,0,1
3.171689211,70.4341346,College +,66.75968551,0,0
-0.499563671,71.03406024,No HS,14.36962688,1,1
1.864356609,18.08731465,College +,143.5871988,1,0
-3.231910152,45.19609935,HS,64.17847389,0,1
4.420598387,56.63384415,College +,60.82746724,1,0
-3.052686922,29.00094717,No HS,86.12772787,0,1
-0.859321852,60.03299435,HS,9.0016262,1,0
1.23909734,19.90569312,HS,112.6644619,1,0
0.250598682,33.96406401,College +,47.89011963,0,1
-3.121351652,58.64699943,Some College,38.94889608,0,0
-1.254892342,30.20866745,HS,35.55398535,0,0
1.014281393,56.97667891,Some College,118.2266335,0,1
-3.075382973,19.72234059,Some College,27.81814413,0,1
-0.021717444,39.08745251,HS,126.1000294,1,0
-1.700989373,68.51278881,HS,82.98752853,0,1
0.557894649,67.05566753,No HS,48.90593255,1,1
2.460350957,68.34303311,College +,10.51972123,1,0
0.704344072,63.99349372,College +,23.89480063,0,0
0.31579085,35.45061189,College +,57.329955,0,0
-0.894492508,74.16799634,HS,113.8249368,0,0
2.215824211,58.86485764,Some College,129.3183336,0,1
4.113328527,72.61008758,College +,7.698696135,1,0
0.140682313,44.80554889,College +,6.826646815,0,0
-0.795312523,41.35892891,No HS,55.17039618,1,0
-0.196285564,21.98756479,College +,32.03959393,0,0
4.270028707,21.47627416,College +,73.92803167,1,0
-5.081999554,29.30340746,No HS,23.35144446,0,0
-0.640123317,73.60470541,HS,137.2113892,0,1
3.12457073,27.89825577,College +,18.09372727,1,1
0.378648851,35.91165865,Some College,14.68933736,1,1
2.123124948,61.09568889,College +,78.92369862,0,1
-1.365361752,46.10902282,HS,27.80906149,1,0
2.449466244,47.4003566,College +,83.16952497,0,1
-3.508131672,44.57585635,No HS,41.78846375,1,0
2.051484535,56.40694612,College +,14.6133602,1,1
1.568721653,52.23528956,Some College,68.66509026,1,0
-3.496467198,49.64485275,No HS,19.12537182,1,0
-2.765404681,58.10412203,No HS,46.45609772,1,0
-2.05695618,64.54047937,HS,17.95746971,0,0
0.635304513,59.13889496,Some College,96.8308254,0,1
3.678531837,62.86692035,College +,26.46333393,1,1
1.977487357,71.81359721,No HS,63.84973852,1,0
-0.412767099,60.31761581,HS,55.36727036,0,1
-0.038668665,27.66999433,HS,13.922598,1,0
-2.146686745,42.77372619,College +,30.36414238,0,0
-0.899049796,58.88630938,HS,62.58283409,0,1
1.953206149,24.96227674,College +,45.74042407,1,1
1.367783889,24.19671031,College +,145.8272198,0,0
-0.94542145,73.42158138,Some College,34.49925463,0,1
-2.154589182,26.16026569,Some College,19.73075961,0,0
-2.089956213,47.80574117,HS,111.6615089,0,1
-0.39550935,64.08269834,Some College,86.94478572,0,1
-1.894651083,36.69832617,College +,11.71823968,0,0
2.267226213,53.0675029,No HS,112.6002873,1,0
3.075227109,46.370849,College +,91.43481249,1,0
2.253285591,72.99600696,Some College,42.52294599,1,1
-0.580440891,52.81418145,No HS,19.21245793,0,0
3.014347232,57.63579685,College +,33.46329601,1,1
-0.842595218,35.02636088,Some College,12.07775326,1,0
2.663876871,18.35433563,Some College,47.3183834,1,1
-5.981122816,41.9696684,No HS,26.72050799,0,0
-0.332106687,57.9177365,Some College,15.89803457,0,0
0.334192948,68.7872957,Some College,88.35188322,0,0
-4.314216882,21.4316523,No HS,25.08280633,1,0
-1.101496257,48.0357185,Some College,51.80326647,0,0
-1.756282186,52.03953536,No HS,26.75915236,0,1
1.729533741,42.14037365,College +,28.74429731,1,1
6.511756242,72.4231621,College +,76.46725936,1,1
-3.836046474,67.12699368,No HS,16.98862029,1,0
0.260378536,29.71059406,No HS,122.7068945,1,1
-2.099971708,23.46552693,No HS,17.4774051,1,1
4.216495501,63.40665941,College +,9.363700968,1,1
-0.69532269,49.35014376,HS,22.40765018,1,1
-2.437488348,52.34737214,No HS,63.28829657,0,0
6.280497907,42.56794378,College +,83.63919672,1,1
-3.552120552,43.50988215,HS,59.69690291,0,1
-3.302781688,41.70331177,Some College,41.11037752,0,1
3.126456098,27.99893042,College +,86.80857732,1,0
1.948041198,57.24066385,Some College,17.14107484,1,1
-4.950793,35.30187724,No HS,16.31142753,0,1
1.564839189,74.6388524,Some College,20.99720607,1,0
0.875980662,64.97359552,Some College,184.7221606,0,1
0.52938905,69.21309165,College +,36.18103102,0,1
-0.380277608,26.99098195,College +,21.48864018,0,0
2.212167348,71.40361654,College +,52.12089371,0,0
-0.114594329,66.69512058,No HS,16.33342133,1,1
-1.650253626,22.06819976,Some College,117.6376186,0,0
0.026617697,47.41042191,HS,55.7225911,1,0
-4.879131935,42.53741551,HS,35.05571206,0,1
0.594324064,67.74712801,College +,42.98473002,0,1
0.625533396,30.47669883,Some College,82.06183299,1,1
-2.64071738,42.77519454,HS,15.25764737,0,1
0.567852734,49.48858609,HS,81.64114648,0,0
0.119021581,33.35740758,HS,145.9301282,1,0
-0.163515596,19.1400779,College +,40.85470518,0,1
-6.216492455,30.60071467,No HS,47.46860008,0,1
-2.908019425,33.05052195,HS,33.02714027,1,0
0.362039119,32.51862827,Some College,46.81861065,1,1
0.04660851,63.43604694,HS,97.53324341,0,1
-0.836858376,30.47650078,Some College,36.20245145,1,0
-4.226778552,49.8198912,Some College,34.04559068,0,0
-0.962158035,49.2212952,Some College,68.07063413,0,0
-4.575535828,20.26617783,No HS,31.57106159,0,0
-3.187165474,71.97133388,No HS,43.74399624,0,0
-0.547627332,61.29664848,Some College,5.531760398,0,1
-0.711248622,26.71816995,Some College,33.21413765,1,1
-1.979948057,35.93542051,HS,30.44846743,0,1
1.943555171,32.06333124,College +,73.09991279,0,0
2.151091595,47.14296937,HS,122.3147473,1,1
-2.100929993,42.55979389,No HS,143.0821021,1,0
-3.277252898,68.91716298,HS,37.78816162,0,0
0.471730267,59.11997569,Some College,25.48333305,1,1
1.388073343,71.32833086,Some College,98.20163765,0,1
-2.890836623,65.25758892,Some College,41.22487117,0,0
2.507898114,18.88003907,College +,61.85577347,1,0
-5.114713851,70.69367084,No HS,8.933731578,0,0
3.856490143,54.08691173,HS,55.26513099,1,1
-3.14634889,31.34221719,Some College,26.30141153,1,0
-2.518414273,67.69161984,No HS,12.19768128,0,1
1.136801565,44.79877321,College +,9.569564204,1,0
-2.799222177,30.94676551,No HS,80.23484806,0,0
-2.042729933,68.86949538,No HS,43.75591364,1,0
0.69518992,55.52045976,HS,13.00406975,1,0
-5.856039888,26.28078965,No HS,21.11708945,0,1
1.515637986,56.43031396,Some College,52.23949909,0,0
-2.598970496,49.5384963,No HS,120.5894302,0,1
-1.039254771,64.32893457,Some College,25.79796584,0,0
1.380092811,26.70802564,Some College,111.2606964,1,1
-3.787300949,28.17629418,HS,14.10793006,0,1
-0.660509071,53.68812237,HS,7.284182817,0,0
-4.108088035,23.48987345,No HS,17.95007387,0,1
0.178581504,66.04900366,Some College,40.63770714,1,0
1.054956353,62.35053028,College +,49.19167162,0,0
-0.638404417,44.31669745,HS,41.29807863,1,1
-2.924499597,21.11474199,HS,26.09397984,1,0
-1.216719278,41.71992048,Some College,98.49270508,1,0
-1.889451303,56.09767948,Some College,36.4043164,0,0
0.544229805,68.95624584,College +,33.94005068,0,0
-0.693406369,56.13727662,No HS,68.37799094,0,1
-2.289580744,31.39786242,Some College,9.81684999,0,1
-0.121567827,50.42671719,No HS,25.2671274,1,1
3.728224277,52.21973974,HS,123.6862555,1,1
-1.025793258,67.42372844,No HS,16.87159446,1,0
2.072096031,31.64564652,College +,137.6969585,0,0
-0.284685387,34.62165334,College +,11.1896098,0,1
-4.372842894,34.1846968,Some College,31.64593423,0,0
2.866797647,70.5105909,No HS,137.5716516,1,1
-5.720756382,24.96174736,No HS,7.166111967,0,0
1.268441045,61.40882121,Some College,158.1376523,0,1
-0.650410289,67.52710224,Some College,49.46209749,0,0
3.375012677,62.27664893,College +,14.3159041,1,1
1.592900446,73.38212625,College +,36.00405857,0,0
0.219847014,37.29306946,College +,4.283411839,0,0
-0.957653244,20.71031547,College +,15.9635154,0,1
-3.933688403,34.5617336,HS,49.53434865,0,0
-2.516419822,19.8655037,HS,152.9492532,0,0
-1.584205091,62.02019041,HS,75.72669699,0,0
-1.683927169,60.84577672,Some College,27.18279585,0,0
-1.693542215,47.40336646,HS,92.14154471,0,0
1.708665577,51.63560667,No HS,94.73911868,1,0
-1.287182571,71.98925177,HS,43.84980778,0,1
-0.626649823,39.0332555,Some College,69.56606982,0,0
-1.78053678,47.94407302,No HS,22.96492361,1,1
-1.626970461,19.33116681,College +,35.06080516,0,1
0.171808367,67.32391476,Some College,15.15919702,0,0
-1.976880035,53.21428971,Some College,21.16320413,0,1
-0.813151528,29.98279153,HS,38.10797374,1,1
-0.757533849,52.85821603,HS,54.9243596,0,0
0.654972802,20.2051935,College +,36.51609251,1,0
0.267244567,63.4109325,College +,36.72289325,0,1
-1.515294927,37.15683764,Some College,50.03827029,0,0
0.121916533,63.57601622,Some College,17.9784825,1,1
-1.72862558,73.08889124,HS,14.45462289,0,0
0.518146193,19.72360833,College +,56.26455426,0,1
-3.300834885,37.20838801,No HS,39.00525958,1,1
-0.040782822,68.61885135,No HS,60.37678901,1,0
-1.900745465,66.08831414,Some College,6.160702394,0,0
-1.63219017,52.87945803,HS,22.77889686,0,1
-1.698296639,37.58628724,College +,28.19205243,0,1
-4.708715895,38.00401943,Some College,22.93218111,0,1
2.375074865,36.4170455,College +,51.37750695,1,0
-3.037758411,55.82672805,HS,23.40897883,0,1
-0.391858124,61.09301381,No HS,110.8227168,0,0
-3.064500686,51.77691595,Some College,19.09703261,0,0
-2.831110705,37.14506943,Some College,41.61179531,0,1
-2.206492409,39.5377611,Some College,74.20041543,0,0
-1.671667619,43.49516906,No HS,204.1211327,0,1
-1.304755233,32.79964248,HS,24.48682261,1,0
1.546668042,27.64348306,HS,80.68994534,1,0
-0.636703239,25.168062,No HS,53.8302105,1,1
3.315209287,32.11599761,College +,164.9215421,1,0
-1.824083642,56.91232959,Some College,48.86702096,0,1
-0.846634283,42.4083135,No HS,80.5606107,1,1
2.410719773,48.76654515,College +,56.78353722,0,0
-3.25234499,23.96524062,HS,47.05908349,1,0
0.876462832,33.94439393,College +,23.75162777,1,0
1.970764741,67.32101278,College +,99.31156968,0,0
-0.033603842,29.53183442,Some College,26.3539386,1,1
-2.735976777,27.06123157,Some College,10.68953149,0,0
-1.11150898,33.32236581,HS,15.17232862,1,1
-2.590783663,70.82051459,HS,19.68751682,0,0
-1.94917692,34.98097166,No HS,56.58596793,0,0
6.944010532,70.39549087,College +,61.73247815,1,1
-0.601947991,21.64822776,HS,27.00669659,1,1
-3.154893794,19.08728345,No HS,3.994639501,1,0
-0.144811577,65.81937985,HS,68.35267308,0,1
5.972327409,52.35089665,College +,76.43567723,1,1
-0.86071951,66.82834137,No HS,57.9429813,1,0
2.719812743,68.12816487,No HS,162.679818,1,0
-3.666425367,54.60276944,No HS,46.95378677,0,0
-1.653718926,69.67666361,No HS,89.8241784,0,0
0.820554207,72.09292522,Some College,65.02309526,0,0
0.532602183,27.65286318,College +,10.06160254,0,0
2.191810569,55.18499912,Some College,42.32685254,1,1
1.920394021,27.2950788,College +,48.86636974,1,1
-2.677967531,74.31851752,No HS,34.01335143,0,1
-0.877434976,69.74559511,No HS,25.8346405,1,0
-0.220328001,37.85103776,No HS,127.223802,1,1
-1.168767087,31.17991941,No HS,39.32673052,1,1
-3.523800432,44.28686768,HS,24.99853017,0,0
1.662670866,32.1977179,HS,115.2074817,1,1
-1.885944976,38.05407998,Some College,20.22324395,0,1
2.968669143,30.75078563,Some College,125.2239812,1,0
-1.439725201,41.40830721,HS,26.66902993,1,0
-1.38760599,70.65616644,No HS,62.17522841,0,1
-1.428401381,39.19701439,College +,19.04720277,0,1
2.383229754,22.11072962,College +,67.61015333,1,0
-1.75367417,66.38312615,HS,44.09627405,0,1
-2.953977106,51.24682513,No HS,4.332945071,0,0
-3.678869821,42.08161096,Some College,46.61656215,0,1
-2.257186681,18.8360438,Some College,6.158846755,1,0
-1.563554044,58.92597289,Some College,46.0857062,0,1
3.286962573,67.60988809,College +,21.21323775,1,1
1.79057508,56.21352992,College +,57.76816945,0,1
-1.000504245,37.49585326,College +,36.98852496,0,1
-3.701495784,30.77695845,No HS,68.53925032,0,1
2.900680419,28.38861729,College +,35.13184282,1,1
-1.396951242,64.4705159,Some College,23.70368049,0,0
0.443782675,42.2920049,College +,125.6670152,0,1
1.100633522,35.89272763,HS,146.4385005,1,1
2.12140835,72.14431864,HS,40.94910779,1,1
-2.929671158,32.85275621,HS,10.22307741,0,0
1.083761916,45.59126016,No HS,73.2844188,1,1
-4.117941067,35.56120997,HS,25.93649485,0,0
-5.377638155,18.77574189,No HS,24.17639914,0,1
4.375076356,55.71749603,HS,85.09023019,1,1
-2.001719023,74.6976628,Some College,7.93858482,0,1
-1.343283028,66.96658992,No HS,92.91042195,0,1
2.427437498,71.14589657,HS,33.21780009,1,0
-0.709683692,59.4232904,No HS,14.42912684,1,0
2.54700021,44.16026054,Some College,110.3319726,1,0
0.282438323,36.10617961,Some College,46.31259644,1,1
-6.446335219,34.74911708,No HS,17.98688488,0,0
-1.12621827,18.23598578,HS,19.20493094,1,0
-3.016862228,43.880026,Some College,36.34432607,0,1
-0.379772167,21.51220876,College +,41.03119072,0,0
-0.877615579,71.728503,Some College,15.1407484,0,1
0.060301417,61.41055264,Some College,86.89038269,0,1
-2.349343837,36.82712151,HS,44.06459366,1,0
-3.827210724,47.00529712,Some College,28.11465736,0,1
-6.037654637,25.53027976,No HS,17.5671498,0,1
-0.325058239,24.4224286,College +,38.54062141,0,1
0.968477158,73.56798578,Some College,14.79607519,1,0
-1.443634712,56.14119238,HS,47.41449513,0,1
1.456396882,67.19079045,Some College,94.20316898,1,1
1.907484835,20.0627398,College +,64.97502951,0,1
-4.280336507,20.36702159,HS,32.47245694,0,1
1.157560447,20.37641798,Some College,52.72635706,1,0
1.037019015,38.64336431,HS,58.12949568,1,1
-3.481216492,18.54171301,Some College,37.10854649,0,1
-4.454515432,25.25451422,Some College,38.48535631,0,1
-0.51434123,19.69368674,No HS,61.61788021,1,0
-2.031254518,22.26906065,HS,21.12160528,1,0
2.964037735,55.08091065,Some College,106.729845,1,0
4.111771494,67.20292451,HS,66.41402851,1,0
1.027446289,61.54711203,College +,32.00138133,0,0
2.654818864,34.65854017,College +,66.07037085,0,1
-0.483607844,27.97603392,No HS,81.56118141,1,1
-4.34857054,22.76579815,HS,35.71442555,0,1
0.387920444,61.09348902,HS,40.61657435,1,1
0.081380798,24.75790081,Some College,19.66137173,1,1
-1.412215197,68.81410039,HS,23.09391534,0,1
3.6518154,62.61698229,HS,94.87801019,1,1
1.737954817,53.94136102,College +,10.55923805,0,0
1.306892854,73.65959079,Some College,22.22693884,1,1
2.922212628,40.14694111,College +,69.76941001,0,0
-3.185542773,58.17385797,No HS,30.73508792,0,1
2.994408372,49.76833564,College +,15.54151789,1,1
-0.904880269,56.84989289,HS,28.29668519,0,1
-0.917741633,53.5433046,Some College,31.41612748,0,0
-0.796709831,62.77160068,No HS,63.78670533,0,1
-1.582697773,47.09488693,HS,25.57155473,1,0
2.334030467,70.66174035,No HS,140.0492668,1,1
0.122010854,71.07505958,HS,65.5285376,1,1
0.412613463,36.51695538,College +,72.07525711,0,0
1.99898924,28.15680185,Some College,89.5232966,1,0
-1.929473453,52.17525981,HS,35.35895644,0,0
-1.514186563,69.17793742,Some College,25.41138512,1,0
1.888719644,67.53864615,HS,29.36375682,1,1
2.338057017,64.22134372,College +,8.520289826,0,1
0.735983936,70.74329597,No HS,28.74986576,1,1
-1.362487001,68.90135944,No HS,40.44266811,1,0
1.62358888,69.85509475,College +,21.95896088,0,1
4.541201006,57.86508217,HS,60.17147938,1,1
0.825229028,63.36696928,HS,184.9774516,0,0
-1.781005339,46.77394655,No HS,142.4198502,0,1
-1.685988804,32.30841123,Some College,35.77493431,1,0
-3.697097919,46.9840828,HS,21.68422846,0,0
1.197391537,48.08531048,College +,110.0781327,0,0
3.877687251,67.83632761,College +,45.50152665,1,1
-0.862440646,66.82049861,Some College,46.4782675,0,0
-1.38058151,23.4671509,HS,68.45492084,0,0
3.348931162,50.94379234,College +,54.5618691,0,1
-3.810470158,23.61226174,HS,46.61551192,0,1
-1.949835271,46.55787215,No HS,13.64450282,1,1
0.445448876,37.76752379,College +,9.563554611,1,0
-0.335815947,24.4617614,HS,68.46231217,0,0
0.400356697,40.59100612,Some College,50.81368908,1,0
-3.173970899,26.52621665,Some College,15.28110751,0,1
-2.52172982,27.52227689,HS,40.00590364,1,0
-2.791880006,42.56160044,College +,6.705880791,0,0
-1.808467957,34.68865577,College +,37.36198616,0,1
-6.369633128,44.54059232,No HS,26.42447596,0,1
-3.853385672,67.51029145,HS,15.09638187,0,1
2.194584483,68.80253054,HS,33.53143507,1,1
1.302361829,68.75191496,HS,26.82239469,1,1
2.186938134,26.531834,Some College,56.18811769,1,0
0.909051043,70.44678264,HS,44.17287667,1,1
-3.565915496,30.20824883,HS,44.05647059,0,1
-2.956327975,21.65223992,No HS,60.39105766,0,1
-1.890628402,55.91826413,HS,21.64010473,0,0
4.321649312,61.16526595,No HS,169.7687926,1,1
0.881166932,61.28747002,College +,17.06054462,0,1
1.119278009,59.42328338,College +,43.78717812,0,0
3.284363522,71.45026134,College +,33.32426134,1,1
-3.886746179,35.69595419,HS,23.35123538,1,0
-0.863165506,37.28360841,College +,11.85606493,0,0
-0.906726061,31.89369297,Some College,59.32491227,0,1
3.173614627,57.34595497,College +,131.1490704,0,1
-3.783608071,38.5256448,HS,28.83898011,0,0
-2.487916658,48.85349477,HS,46.9121002,1,0
6.539448006,70.70539664,College +,174.034352,1,1
2.620760848,70.03392103,No HS,67.35635407,1,1
-1.982277188,43.96323239,HS,18.92635025,1,1
2.494894634,37.88324501,College +,59.96115545,1,0
-4.482912842,26.98629833,HS,29.56141658,0,0
-0.469829478,37.90961108,HS,144.0275482,0,1
-5.485193754,24.94823704,HS,19.67458827,0,0
3.294146668,51.27905892,College +,79.51445117,0,1
-4.930600819,41.00775672,No HS,37.58916445,0,1
-2.092031297,19.7917653,Some College,138.5604752,0,0
0.810979007,68.68671353,College +,37.474055,0,1
1.160208943,28.58352744,College +,171.1695184,0,0
-3.212512217,19.87466986,HS,78.34199107,0,0
3.169715401,46.94373064,College +,39.1150171,1,1
4.601626905,67.00872134,Some College,35.68968678,1,1
-0.816326896,42.12565783,College +,9.623569343,1,0
1.088084435,56.93823519,HS,4.088739515,1,1
-0.802020554,42.27214249,Some College,16.36626895,1,0
-1.087400864,64.75360067,No HS,13.75208008,1,0
-3.46359923,67.3533484,No HS,23.47410329,0,1
2.25728032,53.56713607,Some College,72.30564953,1,1
2.720652788,62.28657721,College +,23.0311471,1,0
-1.275386769,63.11366566,Some College,66.22345235,0,1
-4.13447837,23.34471193,Some College,31.24557163,0,0
-1.289341256,20.66043361,Some College,7.051139884,1,1
-2.347817009,69.9998937,No HS,21.97215797,0,0
-0.55170656,30.97299859,Some College,55.41132036,1,0
-0.900564716,63.08770127,HS,76.88984166,1,0
1.112763599,44.8024481,College +,20.14782792,1,1
0.961444755,49.8372172,College +,40.40069719,1,0
-6.091735798,22.4771338,No HS,6.354461123,0,0
3.031487005,22.98326788,College +,32.9892422,1,1
2.641638071,68.68184615,Some College,65.17984911,1,0
1.599612206,53.63260704,HS,53.86630742,1,0
1.775777403,50.90624196,College +,17.49388523,0,1
0.794595319,20.43798453,College +,53.97564146,0,0
-1.445040326,46.86088712,No HS,147.4192131,0,0
1.287703278,47.38548839,College +,26.11546227,1,0
1.388811331,59.22364786,No HS,138.00626,1,0
0.024995612,28.70164075,HS,4.96354783,1,1
-2.755327625,23.96443249,Some College,52.56538093,0,0
0.728782379,45.84021223,College +,32.98101375,0,0
1.335429551,35.79687027,HS,117.5914942,1,1
-3.321018921,32.01405861,No HS,30.90753117,1,1
0.746365075,60.90825903,No HS,56.10901166,1,0
0.607290302,73.30646657,No HS,45.95418075,1,1
1.137066288,73.53169264,HS,53.35264287,0,0
-0.35575537,23.45319221,HS,42.53363374,1,1
-3.015800989,42.85241357,No HS,17.76382244,1,0
4.249248552,66.81766171,College +,72.31735316,1,0
0.519463991,58.80079555,No HS,53.6418458,1,0
2.597236421,63.94978137,College +,25.87092333,0,1
3.40858407,24.80089566,College +,70.67116858,1,0
1.265994779,28.64167466,College +,43.33027669,1,0
0.048905205,54.33625649,No HS,28.81962437,1,1
2.523686652,57.62937531,HS,72.95233195,1,0
-2.514081274,54.29935861,No HS,23.40022626,0,0
1.890482604,72.87717834,Some College,106.0477706,1,0
-2.86900191,57.76094709,Some College,20.29332963,0,0
-2.480222776,59.61420493,HS,46.56557913,0,0
-3.277819061,61.21314117,HS,46.33732369,0,0
-1.88574721,32.72337655,Some College,84.25977148,0,0
1.783158235,32.40254743,College +,52.23287938,0,0
-1.84869538,72.12780693,No HS,128.2237656,0,0
-2.218329777,60.45063928,No HS,47.54833985,1,0
-1.663750594,34.43835823,Some College,63.77692236,0,1
0.361512759,59.00718785,Some College,30.77369423,1,1
-2.738766151,48.58943133,No HS,53.2834819,0,1
1.513190042,63.81592853,College +,47.47967558,0,0
-3.102318062,50.18417141,No HS,10.71528531,0,1
-2.505692067,46.43033184,Some College,61.39443875,0,1
2.128252771,43.01445171,College +,86.61429278,0,0
-3.135240484,62.88736493,No HS,22.36983535,0,1
-0.344405785,73.64698839,Some College,29.64978256,0,1
-0.771838945,51.8649254,Some College,21.32482718,1,0
1.92682593,74.81707192,HS,24.4675511,1,0
0.431864216,28.96466162,College +,49.22741101,1,1
-0.131578069,58.67332432,No HS,64.66396173,0,0
1.762488077,63.41631777,Some College,41.65994482,1,1
-1.092894974,40.13346714,HS,51.96852035,1,0
-3.483977758,27.86367213,Some College,12.41129258,0,0
3.346522949,52.44055269,College +,97.48566316,0,1
-0.654861348,26.13194977,Some College,77.61908203,1,0
-2.436643742,24.68901292,HS,50.24645715,0,1
5.956776065,71.62478558,College +,70.28035494,1,0
1.430832287,46.29153188,College +,93.17711202,1,0
2.770459313,56.26496602,HS,102.3267756,1,1
-0.587330281,39.58807008,Some College,15.95663907,1,0
-4.425144532,31.82641626,No HS,15.11002554,1,0
-2.376210344,42.69256107,HS,43.54781647,1,0
1.880484289,55.4451359,HS,26.91333911,1,0
2.382350346,59.6970705,Some College,111.7550436,0,1
-3.56029089,49.85870102,No HS,34.51371037,1,1
1.690702392,32.29901045,HS,116.3979158,1,0
-2.63673703,44.80564074,HS,51.71583154,0,0
2.062427613,19.44462915,College +,70.90937967,1,0
3.780437922,74.00521271,Some College,81.48175588,1,1
2.702525654,61.79217138,College +,60.81836614,1,0
-3.137653151,46.30235829,No HS,48.83447799,1,0
4.87267372,28.66582265,College +,67.31307856,1,1
-3.130340148,43.17485375,No HS,52.05816141,0,1
1.38009157,20.84752029,HS,60.46919036,1,1
0.193911804,56.5582537,Some College,68.94035868,1,0
4.972783414,50.33276932,College +,69.46940291,0,0
-2.000623648,27.91880882,No HS,65.12261016,0,1
1.656130197,29.76262892,College +,24.14280878,1,1
-4.521416535,30.59149258,HS,28.42744696,0,1
4.198809074,71.13400997,Some College,74.2704283,1,1
-2.968303884,52.14140367,No HS,28.46579025,0,1
0.092191632,38.83590518,HS,51.14645587,1,0
